<configuration>

	<property>
		<name>javax.jdo.option.ConnectionURL</name>
		<!-- 如果mysql和hive在同一个服务器节点，那么请更改hadoop02为localhost  -->
		<value>jdbc:mysql://hadoop02:3306/hive_metastore_db233?createDatabaseIfNotExist=true</value>
		<description>JDBC connect string for a JDBC metastore</description>
	</property>

	<property>
		<name>javax.jdo.option.ConnectionDriverName</name>
		<value>com.mysql.jdbc.Driver</value>
		<description>Driver class name for a JDBC metastore</description>
	</property>

	<property>
		<name>javax.jdo.option.ConnectionUserName</name>
		<value>root</value>
		<description>username to use against metastore database</description>
	</property>

	<property>
		<name>javax.jdo.option.ConnectionPassword</name>
		<value>root</value>
		<description>password to use against metastore database</description>
	</property>
	
	<property>
		<name>hive.metastore.warehouse.dir</name>
		<value>/user/hive/warehouse</value>
		<description>hive default warehouse, if nessecory, change it</description>
	</property>
	
</configuration>

